{
    "zpt_weights":
    {  
        "2016": 
         {
         "pt:[0.0,10.0]":{
             "value": 1.05817
         },
         "pt:[10.0,20.0]":{
             "value": 0.994488
         },
         "pt:[20.0,30.0]":{
             "value": 0.930056
         },
         "pt:[30.0,40.0]":{
             "value": 0.925206
         },
         "pt:[40.0,50.0]":{
             "value": 0.946403
         },
         "pt:[50.0,60.0]":{
             "value": 0.962136
         },
         "pt:[60.0,70.0]":{
             "value": 0.965316
         },
         "pt:[70.0,80.0]":{
             "value": 0.978209
         },
         "pt:[80.0,100.0]":{
             "value": 0.988761
         },
         "pt:[100.0,150.0]":{
             "value": 0.982497
         },
         "pt:[150.0,200.0]":{
             "value": 0.971749
         },
         "pt:[200.0,1000.0]":{
             "value": 0.914429
         }
      },
    "2017": 
         {
         "pt:[0.0,10.0]":{
             "value": 0.910385
         },
         "pt:[10.0,20.0]":{
             "value": 1.13543
         },
         "pt:[20.0,30.0]":{
             "value": 1.10441
         },
         "pt:[30.0,40.0]":{
             "value": 1.01315
         },
         "pt:[40.0,50.0]":{
             "value": 0.982598
         },
         "pt:[50.0,60.0]":{
             "value": 0.980697
         },
         "pt:[60.0,70.0]":{
             "value": 0.972673
         },
         "pt:[70.0,80.0]":{
             "value": 0.972325
         },
         "pt:[80.0,100.0]":{
             "value": 0.966127
         },
         "pt:[100.0,150.0]":{
             "value": 0.953262
         },
         "pt:[150.0,200.0]":{
             "value": 0.933403
         },
         "pt:[200.0,1000.0]":{
             "value": 0.904518
         }
      }
   }
}
